,link,genre,company,country,language,keywords
0,Mad-Hot-Ballroom#tab=summary,['Documentary'],[],United States,[],['Dancing']
1,Station-Agent-The#tab=summary,['Drama'],[],United States,"['English', 'Spanish']","['Inheritance', 'Trains', 'Death of a Son or Daughter', 'Relationships Gone Wrong', 'Life in a Small Town', 'Unexpected Pregnancy', 'Romance']"
2,To-Save-a-Life#tab=summary,"['Drama', 'Drama']",[],United States,"['English', 'English']","['Religious', 'Religious']"
3,Wordplay#tab=summary,['Documentary'],[],United States,[],[]
4,Beyond-the-Mat#tab=summary,['Documentary'],[],United States,['English'],[]
5,Singles-Ward-The#tab=summary,['Comedy'],[],United States,['English'],[]
6,Sholem-Aleichem-Laughing-in-the-Darkness#tab=summary,['Documentary'],[],United States,['English'],[]
7,Osama#tab=summary,['Drama'],[],Afghanistan,"['Arabic', 'Dari', 'English', 'French', 'Pushto']","['Cross-Dressing', 'Foreign Language', 'Coming of Age']"
8,Groove#tab=summary,['Comedy'],[], ,[],[]
9,R-M-The#tab=summary,['Comedy'],[],United States,['English'],[]
10,Twin-Falls-Idaho#tab=summary,"['Drama', 'Drama']",[], ,[],[]
11,Mean-Creek#tab=summary,"['Drama', 'Drama']",[],United States,[],"['Revenge', 'Coming of Age', 'Revenge', 'Coming of Age']"
12,Drinking-Buddies#tab=summary,"['Drama', 'Drama']","['Burn Later', 'Rise Entertainment', 'Dark Arts', 'Burn Later', 'Rise Entertainment', 'Dark Arts']",United States,"['English', 'English']","['Improvised', 'Romance', 'Relationships Gone Wrong', 'Love Triangle', 'Directing Yourself', 'Improvised', 'Romance', 'Relationships Gone Wrong', 'Love Triangle', 'Directing Yourself']"
13,Hurricane-Streets#tab=summary,"['Drama', 'Drama']",[], ,[],[]
14,Flower-(2017)#tab=summary,['Drama'],[],United States,['English'],"['Step-Family', 'Dysfunctional Family', 'Sex Crimes', 'Child Abuse', 'Coming of Age', 'Rehab / Former Addict', 'Prostitution', 'Blackmail', 'Suicide', 'Revenge', 'Fugitive / On the Run', 'Accidental Death', 'Intertitle', 'Romance', 'Black List Graduates']"
15,Never-Again#tab=summary,"['Romantic Comedy', 'Romantic Comedy']",[],United States,[],"['Romance', 'Romance']"
16,Shichinin-no-samurai#tab=summary,['Action'],[],Japan,['Japanese'],['Foreign Language']
17,Civil-Brand#tab=summary,"['Drama', 'Drama']",[], ,[],[]
18,Monsters#tab=summary,"['Drama', 'Drama']","['Vertigo Films', 'Vertigo Films']",United Kingdom,"['English', 'Spanish', 'English', 'Spanish']","['Alien Invasion', 'Non-Chronological', 'Road Trip', 'Set in Mexico', 'Photography', 'Investigative Journalist', 'On a Boat', 'Human-Trafficking', 'Scene Filmed in Night Vision', 'Romance', 'Quarantine', 'Alien Invasion', 'Non-Chronological', 'Road Trip', 'Set in Mexico', 'Photography', 'Investigative Journalist', 'On a Boat', 'Human-Trafficking', 'Scene Filmed in Night Vision', 'Romance', 'Quarantine']"
19,Madelines-Madeline#tab=summary,['Drama'],[],United States,['English'],"['African Americans', 'Theater', 'Theater Actor', 'Improvised', 'Coming of Age', 'Character POV shot', 'Mental Illness']"
20,Lonesome-Jim#tab=summary,"['Comedy', 'Comedy']",[],United States,[],[]
21,Deceptive-Practice-The-Mysteries-and-Mentors-of-Ricky-Jay#tab=summary,['Documentary'],['Hopscotch Films'],United States,['English'],"['Stage Magician', 'Confidence Men', 'Movie Business', 'Biography']"
22,Other-Dream-Team-The#tab=summary,"['Documentary', 'Documentary']","['Basketball Future Foundation', 'Sorrento Prods', 'Berliner 76 Entertainment', 'Marius Markevicius', 'Basketball Future Foundation', 'Sorrento Prods', 'Berliner 76 Entertainment', 'Marius Markevicius']",Lithuania,"['English', 'Lithuanian', 'English', 'Lithuanian']","['Basketball', 'Olympics', 'Underdog', 'Political', ""Rock 'n' Roll"", 'Basketball', 'Olympics', 'Underdog', 'Political', ""Rock 'n' Roll""]"
23,Menino-e-o-Mundo-O#tab=summary,"['Adventure', 'Adventure']","['Sabesp', 'Petrobras', 'Filme de Papei', 'GKIDS', 'Sabesp', 'Petrobras', 'Filme de Papei', 'GKIDS']",Brazil,"['Portuguese', 'Portuguese']","['Life in a Small Town', 'Invented Language', 'Surrealism / Absurdism', 'Life in a Small Town', 'Invented Language', 'Surrealism / Absurdism']"
24,Rubber#tab=summary,"['Black Comedy', 'Black Comedy']",[],France,"['English', 'English']","['Killer Inanimate Objects', 'Serial Killer', 'Psychics', 'Breaking the Fourth Wall', 'Prologue', 'Cult Movie', 'Spoof', 'Reincarnation', 'Epilogue', 'Digital Cinematography', 'Horror Comedy', 'Killer Inanimate Objects', 'Serial Killer', 'Psychics', 'Breaking the Fourth Wall', 'Prologue', 'Cult Movie', 'Spoof', 'Reincarnation', 'Epilogue', 'Digital Cinematography', 'Horror Comedy']"
25,Johnny-Suede#tab=summary,"['Drama', 'Drama']","['Vega Film', 'Vega Film']",United States,"['English', 'English']",[]
26,Finishing-the-Game#tab=summary,"['Comedy', 'Comedy']",[], ,[],[]
27,Kiss-the-Bride-(2008)#tab=summary,"['Romantic Comedy', 'Romantic Comedy']",[],United States,[],"['LGBTQ+', 'Romance', 'LGBTQ+', 'Romance']"
28,Journey-The-(2003)#tab=summary,[],[],United States,[],[]
29,Home-(2009)#tab=summary,"['Drama', 'Drama']",[],United States,"['English', 'English']",[]
30,Slaughter-Rule-The#tab=summary,[],[], ,[],"['Coming of Age', 'LGBTQ+', 'Coming of Age', 'LGBTQ+']"
31,Living-Wake-The#tab=summary,[],[], ,[],[]
32,Scott-Walker-30-Century-Man#tab=summary,"['Documentary', 'Documentary']",[], ,[],[]
33,Californians-The#tab=summary,"['Drama', 'Drama']",[], ,[],[]
34,Born-to-Fly-Elizabeth-Streb-vs-Gravity#tab=summary,"['Documentary', 'Documentary']","['Aubin Pictures', 'Aubin Pictures']",United States,"['English', 'English']","['In a Plane', 'Daredevil', 'Extreme Sports', 'Biography', 'In a Plane', 'Daredevil', 'Extreme Sports', 'Biography']"
35,Detention-of-the-Dead#tab=summary,"['Comedy', 'Comedy']",[],United States,"['English', 'English']",[]
36,Higher-Power-(2018)#tab=summary,"['Thriller/Suspense', 'Thriller/Suspense']",[],United States,"['English', 'English']","['Mad Scientist', 'Human Experimentation', 'Early / Simultaneous Video-on-Demand release', 'Dysfunctional Family', 'Widow/Widower', 'End of the World', 'Addiction', 'Rehab / Former Addict', 'Mad Scientist', 'Human Experimentation', 'Early / Simultaneous Video-on-Demand release', 'Dysfunctional Family', 'Widow/Widower', 'End of the World', 'Addiction', 'Rehab / Former Addict']"
37,Feng-kuang-de-shi-tou-(China)-(2006)#tab=summary,"['Black Comedy', 'Black Comedy']",[],China,[],[]
38,Now-is-Good#tab=summary,"['Drama', 'Drama']","['BBC Films', 'BFI', 'TF1 Droits Audiovisuels', 'Rising Star Productions', 'Blueprint Films', 'BBC Films', 'BFI', 'TF1 Droits Audiovisuels', 'Rising Star Productions', 'Blueprint Films']",United Kingdom,"['English', 'English']",[]
39,Griffin-and-Phoenix#tab=summary,"['Romantic Comedy', 'Romantic Comedy']","['Gold Circle Films', 'Blumhouse', 'Gold Circle Films', 'Blumhouse']",United States,"['English', 'English']",[]
40,True-Cost-The#tab=summary,"['Documentary', 'Documentary']","['Untold', 'Life is my Movie Entertainment', 'Untold', 'Life is my Movie Entertainment']",United States,"['English', 'English']","['Fashion', 'Agitprop', 'Corporate Malfeasance', 'Environment', 'Sweatshops', 'Child Labor', 'Fashion', 'Agitprop', 'Corporate Malfeasance', 'Environment', 'Sweatshops', 'Child Labor']"
41,Everything-Put-Together#tab=summary,"['Drama', 'Drama']",[], ,[],[]
42,Drones#tab=summary,"['Comedy', 'Comedy']",[],United States,"['English', 'English']",[]
43,Enter-Nowhere#tab=summary,"['Thriller/Suspense', 'Thriller/Suspense']",[],English,"['English', 'German', 'English', 'German']","['Fugitive / On the Run', 'Orphan', 'World War II', 'Time Travel', 'Dysfunctional Family', 'Religious', 'Sex Crimes', 'Direct-to-Video', 'Death of a Spouse or Fiancée / Fiancé', 'Fugitive / On the Run', 'Orphan', 'World War II', 'Time Travel', 'Dysfunctional Family', 'Religious', 'Sex Crimes', 'Direct-to-Video', 'Death of a Spouse or Fiancée / Fiancé']"
44,Girls-Gone-Dead#tab=summary,"['Horror', 'Horror']",[], ,[],"['Spoof', 'Spoof']"
45,Insomnia-Manica#tab=summary,"['Thriller/Suspense', 'Thriller/Suspense']",[],United States,"['English', 'English']",[]
46,Outrageous-Sophie-Tucker-The#tab=summary,"['Documentary', 'Documentary']","['Innovative Films ', 'Innovative Films ']",United States,"['English', 'English']","['Biography', '1920s', 'Broadway', 'Performing Arts', 'Vaudeville', 'Rags to Riches', '1900s', '1910s', '1930s', 'Radio Industry', '1940s', '1950s', 'Voiceover/Narration', 'Biography', '1920s', 'Broadway', 'Performing Arts', 'Vaudeville', 'Rags to Riches', '1900s', '1910s', '1930s', 'Radio Industry', '1940s', '1950s', 'Voiceover/Narration']"
47,Subconscious#tab=summary,"['Action', 'Action']",[],United States,"['English', 'English']",[]
48,Roadside#tab=summary,"['Thriller/Suspense', 'Thriller/Suspense']",[],United States,"['English', 'English']",[]
49,Diamond-Ruff#tab=summary,"['Action', 'Action']",[],United States,"['English', 'English']",[]
50,Love-in-the-Time-of-Monsters#tab=summary,"['Black Comedy', 'Black Comedy']",[],United States,"['English', 'English']","['Horror Comedy', 'Horror Comedy']"
51,rey-de-Najayo-El#tab=summary,"['Drama', 'Drama']",[],Dominican Republic,"['Spanish', 'Spanish']",[]
52,Fight-to-the-Finish#tab=summary,"['Action', 'Action']",[],United States,"['English', 'English']",[]
53,Bucky-and-the-Squirrels#tab=summary,"['Adventure', 'Adventure']",[],United States,"['English', 'English']",[]
54,Going-Under-(1990)#tab=summary,"['Drama', 'Drama']",[],United States,"['English', 'English']",[]
55,Crossroads-(2015)#tab=summary,"['Action', 'Action']",[],Canada,"['English', 'English']","['Direct-to-Video', 'Direct-to-Video']"
56,Alleluia-The-Devils-Carnival#tab=summary,"['Musical', 'Musical']","['Execution Style Entertainment', 'Cleopatra Music & Films', 'Execution Style Entertainment', 'Cleopatra Music & Films']",United States,"['English', 'English']",[]
57,Brooklyn-Bizarre-(France)#tab=summary,"['Drama', 'Drama']","['Eivissa Productions', 'Bushwick Factory', 'Bizarre Productions', 'Eivissa Productions', 'Bushwick Factory', 'Bizarre Productions']",France,"['English', 'English']","['Cross-Dressing', 'LGBTQ+', 'Set in New York City', 'Set in Brooklyn', 'Cross-Dressing', 'LGBTQ+', 'Set in New York City', 'Set in Brooklyn']"
58,Sound-and-the-Shadow-The#tab=summary,"['Comedy', 'Comedy']",[],United States,"['English', 'English']",[]
59,Rodeo-Girl#tab=summary,"['Drama', 'Drama']",[],United States,"['English', 'English']",[]
60,Little-Ponderosa-Zoo-The#tab=summary,"['Adventure', 'Adventure']",[],United States,"['English', 'English']",[]
61,My-Dinner-with-Andre#tab=summary,"['Comedy', 'Comedy']",[],United States,"['English', 'English']",[]
62,Toxic-Avenger-The#tab=summary,"['Black Comedy', 'Black Comedy']",[],United States,"['English', 'English']","['Monster', 'Monster']"
63,Paranormal-Activity#tab=summary,['Horror'],"['Blumhouse', 'Solana Films']",United States,['English'],"['Found Footage', 'Exorcism', 'Guerilla Filmmaking', 'Supernatural Horror']"
64,Straight-out-of-Brooklyn#tab=summary,"['Drama', 'Drama']",[],United States,"['English', 'English']","['Hood Film', 'Hood Film']"
65,Brick#tab=summary,['Drama'],"['Focus Features', 'Bergman Lustig Productions']",United States,['English'],['Film Noir']
66,Sunday#tab=summary,"['Drama', 'Drama']",[], ,[],[]
67,Conversations-with-Other-Women#tab=summary,"['Comedy', 'Comedy']","['GordonStreet Pictures', 'GordonStreet Pictures']",United States,"['English', 'English']",[]
68,Siakh-lokhamim-ha-slilim-ha-gnouzim#tab=summary,"['Documentary', 'Documentary']","['One Man Show', 'Know Productions', 'Music Box Films', 'Made in Germany Filmproduktion', 'Impact Partners', 'One Man Show', 'Know Productions', 'Music Box Films', 'Made in Germany Filmproduktion', 'Impact Partners']",Germany,"['Hebrew', 'Hebrew']","['Israeli Palestinian Conflict', 'War', 'Israeli Palestinian Conflict', 'War']"
69,Poultrygeist-Night-of-the-Chicken-Dead#tab=summary,"['Comedy', 'Comedy']",[],United States,[],"['Spoof', 'Spoof']"
70,As-It-Is-in-Heaven#tab=summary,"['Drama', 'Drama']","['Embark Visuals', 'Tracking Shot Productions', 'Embark Visuals', 'Tracking Shot Productions']",United States,"['English', 'English']","['Religious', 'Cults', 'Religious', 'Cults']"
71,Mutual-Friends#tab=summary,"['Comedy', 'Comedy']",[],United States,"['English', 'English']",[]
72,Rise-Of-the-Entrepreneur-The-Search-For-A-Better-Way-(2014)#tab=summary,"['Documentary', 'Documentary']",[],United States,"['English', 'English']",[]
73,42nd-Street#tab=summary,"['Musical', 'Musical']",[],United States,"['English', 'English']",[]
74,Metropolitan#tab=summary,"['Comedy', 'Comedy']","['Westerly Films', 'Westerly Films']",United States,"['English', 'English']","['Debutante', 'Set in New York City', 'Set in Manhattan', 'Romance', 'Love Triangle', 'Unrequited Love', 'Falsely Accused', 'Debutante', 'Set in New York City', 'Set in Manhattan', 'Romance', 'Love Triangle', 'Unrequited Love', 'Falsely Accused']"
75,Moartea-domnului-Lazarescu#tab=summary,"['Drama', 'Drama']",[],Romania,"['Romanian', 'Romanian']",[]
76,Twenty-Two-(China)#tab=summary,"['Documentary', 'Documentary']",[],China,"['Mandarin', 'Mandarin']","['Set in China', 'World War II', 'Prostitution', 'War Crimes', 'Crowdfunding', '1930s', '1940s', 'Autumn Years', 'Set in China', 'World War II', 'Prostitution', 'War Crimes', 'Crowdfunding', '1930s', '1940s', 'Autumn Years']"
77,Gory-Gory-Hallelujah#tab=summary,"['Musical', 'Musical']",[], ,[],[]
78,Blue-Ruin#tab=summary,"['Thriller/Suspense', 'Thriller/Suspense']","['Filmscience', 'Neighborhood Watch Films', 'Paradise City', 'Lab of Madness', 'Filmscience', 'Neighborhood Watch Films', 'Paradise City', 'Lab of Madness']",United States,"['English', 'English']","['Young Child Dealing with the Death of a Parent', 'Revenge', 'Homeless', 'Cancer', 'Falsely Accused', 'Life on the Outside', 'Death of a Sibling', 'Dysfunctional Family', 'Young Child Dealing with the Death of a Parent', 'Revenge', 'Homeless', 'Cancer', 'Falsely Accused', 'Life on the Outside', 'Death of a Sibling', 'Dysfunctional Family']"
79,Kiss-Me-Deadly-(1955)#tab=summary,"['Drama', 'Drama']",[],United States,"['English', 'Italian', 'Spanish', 'English', 'Italian', 'Spanish']","['Film Noir', 'Film Noir']"
80,Napoleon-Dynamite#tab=summary,['Comedy'],"['Fox Searchlight Pictures', 'Paramount Pictures', 'MTV Films']",United States,['English'],"['High School Hell', 'Bullies', 'Dysfunctional Family', 'Romance', 'Political Campaign', 'Director Remaking Their Own Movie', 'New Guy/Girl in School', 'Slobs vs. Snobs', 'Long Distance Romance', 'Interracial Romance', 'Farcical / Slapstick Comedy']"
81,Monty-Python-and-the-Holy-Grail-(1975)#tab=summary,"['Comedy', 'Comedy']","['Michael White Productions', 'Python (Monty) Pictures', 'National Film Trustee Company', 'Michael White Productions', 'Python (Monty) Pictures', 'National Film Trustee Company']",United Kingdom,"['English', 'English']","['Same Actor, Multiple Roles', 'Same Actor, Multiple Roles']"
82,Quinceanera#tab=summary,"['Drama', 'Drama']",[], ,[],"['Teenage Mom', 'Dysfunctional Family', 'Hispanic', 'Hood Film', 'Teenage Mom', 'Dysfunctional Family', 'Hispanic', 'Hood Film']"
83,Dogtown-and-Z-Boys#tab=summary,"['Documentary', 'Documentary']",[],United States,"['English', 'English']","['Miscellaneous Sports', 'Miscellaneous Sports']"
84,Heroes-(2008)#tab=summary,"['Adventure', 'Adventure']",[],India,"['Hindi', 'Hindi']","['Bollywood', 'Bollywood']"
85,Tarnation#tab=summary,"['Documentary', 'Documentary']",[], ,[],[]
86,I-Want-Your-Money#tab=summary,"['Documentary', 'Documentary']","['RG Entertainment', 'RG Entertainment']",United States,"['English', 'English']","['Political', 'Directing Yourself', 'Agitprop', 'Political', 'Directing Yourself', 'Agitprop']"
87,E-tu-vivrai-nel-terrore-Laldila#tab=summary,"['Horror', 'Horror']",[],Italy,"['English', 'Italian', 'English', 'Italian']",[]
88,Home-Movies#tab=summary,[],[],United States,[],[]
89,I-Smile-Back#tab=summary,"['Drama', 'Drama']","['Koppelman', 'Levien', 'Oscar Crosby Films', 'Film House Germany', 'Broad Green Pictures', 'Koppelman', 'Levien', 'Oscar Crosby Films', 'Film House Germany', 'Broad Green Pictures']",United States,"['English', 'English']","['Addiction', 'Sex Addiction', 'Dysfunctional Family', 'Infidelity', 'Non-Chronological', 'Narcotics', 'Mental Illness', 'Prescription Drug Abuse', 'Drug Overdose', 'Sundance Film Festival 2015', 'Addiction', 'Sex Addiction', 'Dysfunctional Family', 'Infidelity', 'Non-Chronological', 'Narcotics', 'Mental Illness', 'Prescription Drug Abuse', 'Drug Overdose', 'Sundance Film Festival 2015']"
90,Jackpot#tab=summary,"['Drama', 'Drama']",[],United States,[],[]
91,Fabled#tab=summary,"['Horror', 'Horror']",[], ,[],[]
92,Dark-Hours-The#tab=summary,"['Horror', 'Horror']",[], ,[],[]
93,Lena-and-Snowball-(2021)#tab=summary,"['Comedy', 'Comedy']","['Koch Films', 'Almost Never Films', 'Koch Films', 'Almost Never Films']",United States,"['English', 'English']",[]
94,Viskningar-och-rop-(Sweden)#tab=summary,"['Drama', 'Drama']",[],Sweden,"['Danish', 'German', 'Swedish', 'Danish', 'German', 'Swedish']",[]
95,My-Beautiful-Laundrette#tab=summary,"['Drama', 'Drama']",[],United Kingdom,"['English', 'English']",[]
96,Principe-El-(Chile)#tab=summary,"['Drama', 'Drama']","['Artsploitation Films', 'Artsploitation Films']",Argentina,"['Spanish', 'Spanish']",[]
97,Show-Me-(2004)#tab=summary,"['Thriller/Suspense', 'Thriller/Suspense']",[],Canada,[],"['Kidnap', 'LGBTQ+', 'Kidnap', 'LGBTQ+']"
98,Pancakes#tab=summary,[],[],United States,"['Japanese', 'Japanese']",[]
99,Intolerance-(1916)#tab=summary,"['Drama', 'Drama']",[],United States,"['English', 'English']",[]
100,Broadway-Melody-The-(1929)#tab=summary,"['Musical', 'Musical']",[],United States,"['English', 'English']",[]
101,Evil-Dead-The#tab=summary,"['Horror', 'Horror']",[],United States,"['English', 'English']","['Possessed', 'Cabin in the Woods', 'Remade', 'Lovecraftian', 'Body Horror', 'Possessed', 'Cabin in the Woods', 'Remade', 'Lovecraftian', 'Body Horror']"
102,Trekkies#tab=summary,"['Documentary', 'Documentary']",[], ,[],[]
103,Stan-Helsing-A-Parody#tab=summary,"['Comedy', 'Comedy']","['Boz Productions', 'Boz Productions']",Canada,"['English', 'English']","['Spoof', 'Spoof']"
104,Maniac#tab=summary,"['Horror', 'Horror']","['Magnum Motion Pictures', 'Analysis Film Corporation', 'Magnum Motion Pictures', 'Analysis Film Corporation']",United States,"['English', 'English']","['Slasher Horror', 'Child Abuse', 'Serial Killer', 'Hallucinations', 'Prostitution', 'Romance', 'Relationships Gone Wrong', 'Dysfunctional Family', 'Cult Movie', 'Slasher Horror', 'Child Abuse', 'Serial Killer', 'Hallucinations', 'Prostitution', 'Romance', 'Relationships Gone Wrong', 'Dysfunctional Family', 'Cult Movie']"
105,American-Ninja-2-The-Confrontation#tab=summary,['Action'],[],United States,['English'],['Cloning']
106,Murderball#tab=summary,"['Documentary', 'Documentary']","['Participant Media', 'Participant Media']",United States,[],"['Miscellaneous Sports', 'Epilogue', 'Miscellaneous Sports', 'Epilogue']"
107,My-Dog-Tulip#tab=summary,['Drama'],['My Dog Tulip Company'],United States,['English'],['Animal Lead']
108,51-Birch-Street#tab=summary,"['Documentary', 'Documentary']",[], ,[],[]
109,Revolution-no-9#tab=summary,"['Thriller/Suspense', 'Thriller/Suspense']",[],United States,"['English', 'English']",[]
110,Royal-Kill-(2009)#tab=summary,"['Action', 'Action']",[],United States,"['English', 'English']","['Posthumous Release', 'Martial Arts', 'Hitmen', 'Surprise Twist', 'Mental Illness', 'Posthumous Release', 'Martial Arts', 'Hitmen', 'Surprise Twist', 'Mental Illness']"
111,Rotor-DR1#tab=summary,"['Adventure', 'Adventure']",[],United States,"['English', 'English']",[]
112,Dunk-or-Die-(2022-France)#tab=summary,"['Documentary', 'Documentary']","['Benur Films', 'Benur Films']",France,"['French', 'French']",[]
113,12-Angry-Men#tab=summary,"['Drama', 'Drama']",[],United States,"['English', 'English']","['Courtroom Drama', 'Courtroom Drama']"
114,Halloween-(1978)#tab=summary,"['Horror', 'Horror']",[],United States,"['English', 'English']","['Slasher Horror', 'Babysitters', 'Slasher Horror', 'Babysitters']"
115,It-Happened-One-Night#tab=summary,"['Romantic Comedy', 'Romantic Comedy']",[],United States,"['English', 'English']","['Romance', 'Romance']"
116,Dogtooth#tab=summary,['Drama'],[],Greece,['Greek'],[]
117,Tumbleweeds#tab=summary,"['Drama', 'Drama']",[], ,[],[]
118,Tupac-Resurrection#tab=summary,['Documentary'],[],United States,['English'],[]
119,Gods-Army#tab=summary,['Drama'],[], ,[],[]
120,Pieces-of-April#tab=summary,"['Comedy', 'Comedy']",[],United States,"['English', 'Mandarin', 'English', 'Mandarin']","['Dysfunctional Family', 'Thanksgiving', 'Dysfunctional Family', 'Thanksgiving']"
121,When-The-Cats-Away#tab=summary,['Comedy'],[], ,[],[]
122,Wendy-and-Lucy-(2008)#tab=summary,"['Drama', 'Drama']",[],United States,"['English', 'English']",[]
123,Lets-Talk-About-Sex#tab=summary,"['Comedy', 'Comedy']",[],United States,[],[]
124,Old-Joy#tab=summary,['Drama'],[],United States,['English'],[]
125,First-Morning#tab=summary,['Drama'],[], ,[],['Foreign Language']
126,Pierrot-Le-Fou-(France)(1965)#tab=summary,['Drama'],['Les Productions Georges de Beauregard'],France,"['English', 'French', 'Italian']","['Set in Paris', 'Dysfunctional Family', 'Relationships Gone Wrong', 'Fugitive / On the Run', 'Terrorism', 'Crime Thriller', 'Bonnie and Clyde romance', 'Set in France', 'Tortured for Information']"
127,Watermelon-Woman-The#tab=summary,"['Drama', 'Drama']","['Dancing Girl', 'The Effects House', 'Dancing Girl', 'The Effects House']",United States,"['English', 'English']","['African Americans', 'LGBTQ+', 'Romance', 'Interracial Romance', 'Documentarian', 'Directing Yourself', 'Screenplay Written By the Star', 'African Americans', 'LGBTQ+', 'Romance', 'Interracial Romance', 'Documentarian', 'Directing Yourself', 'Screenplay Written By the Star']"
128,3-Backyards#tab=summary,"['Drama', 'Drama']",[],United States,"['English', 'English']","['Performing Arts', 'Ensemble', 'Sex Crimes', 'Segments', 'Relationships Gone Wrong', 'Dysfunctional Family', 'Immigration', 'Mid-Life Crisis', 'Performing Arts', 'Ensemble', 'Sex Crimes', 'Segments', 'Relationships Gone Wrong', 'Dysfunctional Family', 'Immigration', 'Mid-Life Crisis']"
129,Sisters-in-Law#tab=summary,"['Documentary', 'Documentary']",[], ,[],[]
130,Eyes-of-My-Mother-The#tab=summary,"['Horror', 'Horror']","['BorderLine Films', 'Max Born ', 'Tandem Pictures', 'BorderLine Films', 'Max Born ', 'Tandem Pictures']",United States,"['English', 'Portuguese', 'English', 'Portuguese']","['Home Invasion', 'Young Child Dealing with the Death of a Parent', 'Death of a Spouse or Fiancée / Fiancé', 'Torture Porn', 'Psychological Horror', 'Mental Illness', 'Kidnap', 'Life on a Farm', 'False Identity', 'Early / Simultaneous Video-on-Demand release', 'Home Invasion', 'Young Child Dealing with the Death of a Parent', 'Death of a Spouse or Fiancée / Fiancé', 'Torture Porn', 'Psychological Horror', 'Mental Illness', 'Kidnap', 'Life on a Farm', 'False Identity', 'Early / Simultaneous Video-on-Demand release']"
131,Nothing-But-a-Man#tab=summary,['Drama'],[],United States,['English'],[]
132,Ayurveda-Art-of-Being#tab=summary,"['Documentary', 'Documentary']",[], ,[],[]
133,First-Love-Last-Rites#tab=summary,"['Drama', 'Drama']",[], ,[],[]
134,Fighting-Tommy-Riley#tab=summary,"['Drama', 'Drama']",[], ,[],[]
135,Locker-13#tab=summary,"['Thriller/Suspense', 'Thriller/Suspense']","[""Brothers' Inc."", ""Brothers' Inc.""]",United States,"['English', 'English']","['Segments', 'Boxing', 'Wish Granters', 'Secret Societies', 'Hitmen', 'Suicide', 'Early / Simultaneous Video-on-Demand release', 'Gambling', 'Revenge', 'Segments', 'Boxing', 'Wish Granters', 'Secret Societies', 'Hitmen', 'Suicide', 'Early / Simultaneous Video-on-Demand release', 'Gambling', 'Revenge']"
136,Looking-Glass-The#tab=summary,"['Drama', 'Drama']","['Filmacres', 'Filmacres']",United States,"['English', 'English']","['Coming of Age', 'Young Child Dealing with the Death of a Parent', 'Alzheimer', 'Theater Actor', 'Screenplay Written By the Star', 'Crowdfunding', 'Step-Family', 'Dysfunctional Family', 'Widow/Widower', 'Family Affair', 'Terminal Illness', 'Infidelity', 'Coming of Age', 'Young Child Dealing with the Death of a Parent', 'Alzheimer', 'Theater Actor', 'Screenplay Written By the Star', 'Crowdfunding', 'Step-Family', 'Dysfunctional Family', 'Widow/Widower', 'Family Affair', 'Terminal Illness', 'Infidelity']"
137,All-You-Need-is-Love-(Netherlands)#tab=summary,"['Romantic Comedy', 'Romantic Comedy']",[],Netherlands,"['English', 'English']",[]
138,Death-Race-2000#tab=summary,"['Action', 'Action']",[],United States,"['English', 'English']","['Street Racing', 'Neo Nazis', 'Death Sports', 'Street Racing', 'Neo Nazis', 'Death Sports']"
139,Some-Guy-Who-Kills-People#tab=summary,[],[], ,[],[]
140,Midnight-Cabaret#tab=summary,"['Drama', 'Drama']","['Label Me Productions', 'Label Me Productions']",United States,"['English', 'English']",[]
141,Teeth-and-Blood#tab=summary,"['Horror', 'Horror']",[],United States,"['English', 'English']","['Supernatural', 'Vampire', 'Supernatural', 'Vampire']"
142,Walking-to-Paris#tab=summary,"['Drama', 'Drama']",[],United Kingdom,"['English', 'English']",[]
143,Andersons-Cross#tab=summary,"['Comedy', 'Comedy']",[],United States,"['English', 'English']",[]
144,Amidst-the-Devils-Wings#tab=summary,"['Action', 'Action']",[],United States,"['English', 'English']","['Direct-to-Video', 'Direct-to-Video']"
145,Collisions#tab=summary,"['Drama', 'Drama']","['Widdershins Film', 'Mitchell Street Pictures', 'Don’t Foam', 'SFFILM Invest', 'Kenneth Rainin Foundation', 'Widdershins Film', 'Mitchell Street Pictures', 'Don’t Foam', 'SFFILM Invest', 'Kenneth Rainin Foundation']",United States,"['English', 'English']",[]
146,Death-Calls#tab=summary,"['Action', 'Action']",[],United States,"['English', 'English']",[]
147,Compliance#tab=summary,['Drama'],"['Dogfish Pictures', 'Muskat Filmed Properties', 'Low Spark Films', 'Bad Cop / Bad Cop Productions']",United States,['English'],"['Inspired by a True Story', 'False Identity', 'Fake Cop', 'Epilogue', 'Psychological Thriller', 'Sex Crimes', 'Falsely Accused', 'Prank Gone Wrong', 'One Location']"
148,Graduation-Day#tab=summary,"['Horror', 'Horror']",[],United States,"['English', 'English']","['Slasher Horror', 'Death of a Sibling', 'Revenge', 'Surprise Twist', 'Track and Field', 'Cult Movie', 'Slasher Horror', 'Death of a Sibling', 'Revenge', 'Surprise Twist', 'Track and Field', 'Cult Movie']"
149,Chasing-Amy#tab=summary,['Romantic Comedy'],[], ,[],['Romance']
150,Terrifier-2-(2022)#tab=summary,"['Horror', 'Horror']",[],United States,"['English', 'English']","['Slasher Horror', 'Halloween', 'Slasher Horror', 'Halloween']"
151,Lovely-and-Amazing#tab=summary,"['Drama', 'Drama']",[],United States,[],[]
152,Sleight#tab=summary,['Action'],"['WWE Studios', 'BH Tilt', 'Diablo Entertainment', 'Blumhouse']",United States,['English'],"['Young Child Dealing with the Death of a Parent', 'Orphan', 'Secret Magic', 'Stage Magician', 'Magical Technology', 'Surprise Twist', 'Kidnap', 'Rescue', 'Organized Crime', 'Gang Warfare', 'Money Troubles', 'African Americans']"
153,Better-Luck-Tomorrow#tab=summary,['Drama'],['MTV Films'], ,[],[]
154,Like-Crazy#tab=summary,['Drama'],"['Paramount Vantage', 'Indian Paintbrush', 'Super Crispy Entertainment']",United States,['English'],"['Romance', 'Long Distance Romance', 'College', 'Immigration', 'Relationships Gone Wrong', 'Improvised', 'Digital Cinematography', 'Set in Los Angeles', 'Set in California']"
155,Incredibly-True-Adventure-of-Two-Girls-in-Love-The#tab=summary,"['Drama', 'Drama']",[],United States,[],"['LGBTQ+', 'LGBTQ+']"
156,Chuck-and-Buck#tab=summary,"['Drama', 'Drama']",[], ,[],"['LGBTQ+', 'LGBTQ+']"
157,American-Desi#tab=summary,"['Romantic Comedy', 'Romantic Comedy']",[], ,[],"['Romance', 'Romance']"
158,Cube#tab=summary,"['Thriller/Suspense', 'Thriller/Suspense']",[],Canada,"['English', 'English']","['Isolation Horror', 'Isolation Horror']"
159,Love-and-Other-Catastrophes#tab=summary,"['Comedy', 'Comedy']",[],Australia,[],[]
160,I-Married-a-Strange-Person#tab=summary,"['Comedy', 'Comedy']",[],United States,"['English', 'English']",[]
161,November#tab=summary,"['Drama', 'Drama']",[],United States,[],[]
162,Sugar-Town#tab=summary,"['Comedy', 'Comedy']",[], ,[],[]
163,Happy-Valley-(2008)#tab=summary,"['Documentary', 'Documentary']",[],United States,"['English', 'English']",[]
164,Canyons-The#tab=summary,"['Thriller/Suspense', 'Thriller/Suspense']","['Post Empire Films', 'Sodium Fox', 'Filmworks FX', 'Prettybird Pictures', 'Post Empire Films', 'Sodium Fox', 'Filmworks FX', 'Prettybird Pictures']",United States,"['English', 'English']","['Movie Business', 'Romance', 'Relationships Gone Wrong', 'Mental Illness', 'Early / Simultaneous Video-on-Demand release', 'Film Noir', 'Erotic Thriller', 'Movie Business', 'Romance', 'Relationships Gone Wrong', 'Mental Illness', 'Early / Simultaneous Video-on-Demand release', 'Film Noir', 'Erotic Thriller']"
165,Motel-The#tab=summary,"['Drama', 'Drama']",[],United States,"['English', 'English']",[]
166,On-the-Outs#tab=summary,"['Drama', 'Drama']",[], ,[],[]
167,Shotgun-Stories#tab=summary,"['Drama', 'Drama']",[],United States,[],[]
168,Nightlights-(2014)#tab=summary,"['Drama', 'Drama']","['Play On Productions', 'Play On Productions']",United States,"['English', 'English']","['Dysfunctional Family', 'Autism', 'Romance', 'Dysfunctional Family', 'Autism', 'Romance']"
169,Test#tab=summary,"['Drama', 'Drama']","['Serious Productions', 'Gloss Studio', 'Serious Productions', 'Gloss Studio']",United States,"['English', 'English']","['Set in California', 'Set in San Francisco', '1980s', 'Dancing', 'Ballet', 'LGBTQ+', 'Romance', 'AIDS', 'Set in California', 'Set in San Francisco', '1980s', 'Dancing', 'Ballet', 'LGBTQ+', 'Romance', 'AIDS']"
170,Sticky-Fingers-of-Time-The#tab=summary,['Thriller/Suspense'],[], ,[],[]
171,Along-the-Roadside#tab=summary,"['Comedy', 'Comedy']",[],United States,"['English', 'English']",[]
172,Sunday-School-Musical#tab=summary,"['Musical', 'Musical']",[],United States,[],"['Direct-to-Video', 'Religious', 'Direct-to-Video', 'Religious']"
173,Rust#tab=summary,"['Drama', 'Drama']",[], ,[],[]
174,Christmas-Bunny-The#tab=summary,[],[], ,[],[]
175,Ink#tab=summary,"['Drama', 'Drama']",[], ,[],[]
176,Frozen-The#tab=summary,"['Thriller/Suspense', 'Thriller/Suspense']",[],United States,"['English', 'English']",[]
177,Jesus-People#tab=summary,"['Comedy', 'Comedy']","['Freestyle Digital Media', 'Freestyle Digital Media']",United States,"['English', 'English']","['Christian Contemporary Music', 'Mockumentary', 'Musicians', 'Religious', 'Terminal Illness', 'Scene in End Credits', 'Delayed Release', 'Christian Contemporary Music', 'Mockumentary', 'Musicians', 'Religious', 'Terminal Illness', 'Scene in End Credits', 'Delayed Release']"
178,Butterfly-(2010)#tab=summary,"['Horror', 'Horror']",[],United States,"['English', 'English']",[]
179,Undivided#tab=summary,"['Documentary', 'Documentary']",[],United States,"['English', 'English']",[]
180,Horse-Camp#tab=summary,"['Adventure', 'Adventure']",[],United States,"['English', 'English']",[]
181,Give-Me-Shelter#tab=summary,"['Documentary', 'Documentary']",[],United States,"['English', 'English']",[]
182,Rock-the-House#tab=summary,"['Drama', 'Drama']","['The Hallmark Channel', 'Larry Levinson Productions', 'The Hallmark Channel', 'Larry Levinson Productions']",United States,"['English', 'English']","['TV Premiere', 'TV Premiere']"
183,Shooting-the-Warwicks#tab=summary,"['Comedy', 'Comedy']",[],United States,"['English', 'English']",[]
184,Love-Letter-The-(2013)#tab=summary,"['Romantic Comedy', 'Romantic Comedy']",[],United States,"['English', 'English']","['TV Premiere', 'TV Premiere']"
185,Western-Religion#tab=summary,"['Western', 'Western']","['3rd Partner Productions', '3rd Partner Productions']",United States,"['English', 'English']","['1870s', 'Gambling', 'Faustian', 'Ensemble', 'Crowdfunding', '1870s', 'Gambling', 'Faustian', 'Ensemble', 'Crowdfunding']"
186,411-(2015)#tab=summary,"['Action', 'Action']",[],United States,"['English', 'English']",[]
187,Fire-Song-(2015)#tab=summary,"['Drama', 'Drama']",[], ,[],[]
188,Circus-Down-the-Road-The#tab=summary,"['Documentary', 'Documentary']","['Ring 5 Productions', 'Ring 5 Productions']",United States,"['English', 'English']","['Circus', 'Circus']"
189,Amina-(2021-Nigeria)#tab=summary,"['Drama', 'Drama']",[],Nigeria,[],"['Biography', 'Biographical Drama', 'Set in Africa', 'Nollywood', 'Biography', 'Biographical Drama', 'Set in Africa', 'Nollywood']"
190,Big-Parade-The-(1925)#tab=summary,"['Drama', 'Drama']",[],United States,"['Silent', 'Silent']","['War Drama', 'World War I', 'Anti-war', 'Romance', 'Relationships Gone Wrong', 'Death of a Best Friend', '1910s', 'Set in France', 'Refugee', 'Life on a Farm', 'Love Triangle', 'Autobiographical', 'Inspired by a True Story', 'War Drama', 'World War I', 'Anti-war', 'Romance', 'Relationships Gone Wrong', 'Death of a Best Friend', '1910s', 'Set in France', 'Refugee', 'Life on a Farm', 'Love Triangle', 'Autobiographical', 'Inspired by a True Story']"
191,Little-Big-Top#tab=summary,"['Comedy', 'Comedy']",[],United States,[],[]
192,Bronson#tab=summary,"['Drama', 'Drama']","['Vertigo Films', 'Aramid Entertainment', 'Str8jacket Creations', 'EM Media', '4DH Films', 'Vertigo Films', 'Aramid Entertainment', 'Str8jacket Creations', 'EM Media', '4DH Films']",United Kingdom,"['English', 'English']","['Prison', 'Underground / Illegal Fighting', 'Life on the Outside', 'Prison', 'Underground / Illegal Fighting', 'Life on the Outside']"
193,Burn#tab=summary,"['Documentary', 'Documentary']",[],United States,"['English', 'English']",[]
194,Urbania#tab=summary,"['Drama', 'Drama']",[], ,[],[]
195,Embrace-(Australia)#tab=summary,"['Documentary', 'Documentary']","['Screen Australia', 'South Australian Film Corp.', 'Transmission Films', 'Southern Lights Films', 'Body Image Movement', 'Kojo Pictures', 'Screen Australia', 'South Australian Film Corp.', 'Transmission Films', 'Southern Lights Films', 'Body Image Movement', 'Kojo Pictures']",Australia,"['English', 'English']","['2010s', 'Social Media', 'Media Circus', 'Photography', 'Models', 'Fashion', 'Depression', '2010s', 'Social Media', 'Media Circus', 'Photography', 'Models', 'Fashion', 'Depression']"
196,Beast-from-20000-Fathoms-The#tab=summary,[],[],United States,"['English', 'English']",[]
197,Stewardesses-The#tab=summary,[],[],United States,"['English', 'English']",[]
198,Mad-Max#tab=summary,"['Action', 'Action']","['Roadshow Films', 'Roadshow Films']",Australia,"['English', 'English']","['Post Apocalypse', 'Revenge', 'Vigilante', 'Gangs', 'Car Chase', 'Action Adventure', 'Near Future', ""Yesterday's Tomorrow"", 'Post Apocalypse', 'Revenge', 'Vigilante', 'Gangs', 'Car Chase', 'Action Adventure', 'Near Future', ""Yesterday's Tomorrow""]"
199,20000-Leagues-Under-the-Sea-(1916)#tab=summary,"['Adventure', 'Adventure']","['Universal Pictures', 'Universal Pictures']",United States,"['English', 'English']",[]
200,Swingers#tab=summary,"['Comedy', 'Comedy']",[],United States,"['English', 'English']","['Relationships Gone Wrong', 'Performing Arts', 'Movie Business', 'Romance', 'Delayed Adulthood', 'Buddy Comedy', 'Relationship Advice', 'Relationships Gone Wrong', 'Performing Arts', 'Movie Business', 'Romance', 'Delayed Adulthood', 'Buddy Comedy', 'Relationship Advice']"
201,Per-un-pugno-di-dollari#tab=summary,"['Western', 'Western']",[],Germany,"['Italian', 'Spanish', 'Italian', 'Spanish']",[]
202,Grace-Card-The#tab=summary,"['Drama', 'Drama']","['Affirm Films', 'Provident Films', 'Graceworks Pictures', 'Calvary Pictures', 'Affirm Films', 'Provident Films', 'Graceworks Pictures', 'Calvary Pictures']",United States,"['English', 'English']","['Religious', 'Bigotry', 'Corrupt Cops', 'Death of a Son or Daughter', 'Faith-Based Film', 'Religious', 'Bigotry', 'Corrupt Cops', 'Death of a Son or Daughter', 'Faith-Based Film']"
203,She-Done-Him-Wrong#tab=summary,"['Comedy', 'Comedy']",[],United States,"['English', 'English']",[]
204,Trois-(2000)#tab=summary,"['Thriller/Suspense', 'Thriller/Suspense']",[], ,[],"['Erotic Thriller', 'Erotic Thriller']"
205,Overnight-The#tab=summary,['Comedy'],"[""Gettin' Rad Productions"", 'Duplass Brothers']",United States,['English'],"['Sex Comedy', 'Set in Los Angeles', 'Culture Clash', 'Sundance Film Festival 2015']"
206,Short-Cut-to-Nirvana-Kumbh-Mela#tab=summary,['Documentary'],[],United States,[],[]
207,Middle-of-Nowhere#tab=summary,"['Drama', 'Drama']","['Kandoo Films', 'Forward Movement', 'Participant Media', 'Kandoo Films', 'Forward Movement', 'Participant Media']",United States,"['English', 'English']","['African Americans', 'Prison', 'Relationships Gone Wrong', 'Love Triangle', 'African Americans', 'Prison', 'Relationships Gone Wrong', 'Love Triangle']"
208,Call-and-Response#tab=summary,['Documentary'],[],United States,['English'],"['Human-Trafficking', 'Slavery']"
209,Business-of-Fancydancing-The#tab=summary,['Drama'],[], ,[],[]
210,Hybrid#tab=summary,['Documentary'],[],United States,[],[]
211,Baghead#tab=summary,"['Drama', 'Drama']",[], ,[],"['Mumblecore', 'Mumblecore']"
212,Malevolence#tab=summary,"['Horror', 'Horror']",[],United States,[],[]
213,Side-Effects-(2005)#tab=summary,['Romantic Comedy'],[],United States,[],['Romance']
214,Good-Dick#tab=summary,"['Drama', 'Drama']",[], ,[],"['Unnamed Character', 'PTSD', 'Romance', 'Sex Crimes', 'Dysfunctional Family', 'Incest', 'Child Abuse', 'Directing Yourself', 'Screenplay Written By the Star', 'Unnamed Character', 'PTSD', 'Romance', 'Sex Crimes', 'Dysfunctional Family', 'Incest', 'Child Abuse', 'Directing Yourself', 'Screenplay Written By the Star']"
215,Case-of-the-Grinning-Cat-The#tab=summary,"['Documentary', 'Documentary']",[],French,"['French', 'French']",[]
216,Solitude#tab=summary,"['Drama', 'Drama']",[], ,[],[]
217,Word-The#tab=summary,"['Drama', 'Drama']","['Scarlet Sky Productions', 'Scarlet Sky Productions']",United States,"['English', 'English']","['Kidnap', 'Death of a Son or Daughter', 'Murdered Child', 'Cults', 'Revenge', 'Religious', 'Faith-Based Film', 'FBI', 'Police Procedural', 'Human Sacrifice', 'Kidnap', 'Death of a Son or Daughter', 'Murdered Child', 'Cults', 'Revenge', 'Religious', 'Faith-Based Film', 'FBI', 'Police Procedural', 'Human Sacrifice']"
218,Trials-of-Darryl-Hunt-The#tab=summary,"['Documentary', 'Documentary']",[],United States,[],[]
219,Deathgasm#tab=summary,"['Black Comedy', 'Black Comedy']",[],New Zealand,"['English', 'English']","['Horror Comedy', 'Horror Comedy']"
220,Man-From-Earth-The#tab=summary,"['Drama', 'Drama']",[],United States,"['English', 'English']",[]
221,Samantha-An-American-Girl-Holiday#tab=summary,"['Drama', 'Drama']",[],United States,[],"['TV Premiere', 'TV Premiere']"
222,Yesterday-Was-a-Lie#tab=summary,"['Drama', 'Drama']",[],United States,[],[]
223,Archaeology-of-a-Woman#tab=summary,"['Drama', 'Drama']","['Emerald Pictures', 'Emerald Pictures']",United States,"['English', 'English']","['Faulty Memory', 'Dysfunctional Family', 'Voiceover/Narration', 'Serial Killer', 'Faulty Memory', 'Dysfunctional Family', 'Voiceover/Narration', 'Serial Killer']"
224,Sanctuary-Quite-a-Conundrum#tab=summary,"['Black Comedy', 'Black Comedy']",[],United States,"['English', 'English']",[]
225,Theresa-Is-a-Mother#tab=summary,"['Comedy', 'Comedy']","['A May Sky Picture Entertainment', 'A May Sky Picture Entertainment']",United States,"['English', 'English']","['Death of a Sibling', 'Baby Boomers', 'Single Parent', 'Musicians', 'Death of a Sibling', 'Baby Boomers', 'Single Parent', 'Musicians']"
226,Perfect-Cowboy#tab=summary,"['Drama', 'Drama']",[],United States,"['English', 'English']",[]
227,H-(2014)#tab=summary,"['Thriller/Suspense', 'Thriller/Suspense']",[],Argentina,"['English', 'English']","['Supernatural', 'Supernatural']"
228,Family-Mission-The-T-J-Lobraico-Story#tab=summary,"['Documentary', 'Documentary']",[],United States,"['English', 'English']","['2010s', 'Set in Afghanistan', 'Father’s Footsteps', 'Military Life', 'Afghanistan War', 'Early / Simultaneous Video-on-Demand release', '2010s', 'Set in Afghanistan', 'Father’s Footsteps', 'Military Life', 'Afghanistan War', 'Early / Simultaneous Video-on-Demand release']"
229,Weekend#tab=summary,['Drama'],"['The Glendale Picture Company', 'The Bureau', 'Synchronicity Films', 'EM Media']",United States,['English'],"['LGBTQ+', 'Romance', 'Narcotics', 'One Night Stand']"
230,Bacheha-Ye-aseman#tab=summary,"['Adventure', 'Adventure']",[],Islamic Republic of Iran,"['Persian', 'Persian']",[]
231,Butterfly-Girl#tab=summary,['Documentary'],"['Lytta Productions', 'P+R Productions']",United States,['English'],"['Coming of Age', 'Medical and Hospitals', 'Doctors', 'Musicians']"
232,Arrowhead-(Australia)#tab=summary,"['Action', 'Action']","['TV1 General Entertainment', 'GRLA', 'TV1 General Entertainment', 'GRLA']",Australia,"['English', 'English']","['Mercenaries', 'POW', 'War', 'Set in Outer Space', 'Humans as Aliens', 'Marooned', 'Mercenaries', 'POW', 'War', 'Set in Outer Space', 'Humans as Aliens', 'Marooned']"
233,Shes-Gotta-Have-It#tab=summary,['Comedy'],[],United States,[],"['African Americans', 'Comedy Drama', 'Romance', 'Relationships Gone Wrong', 'Love Triangle', 'Sex Crimes', 'Epilogue', 'Breaking the Fourth Wall', 'Retro Black and White']"
234,Another-Earth#tab=summary,['Drama'],['Artists Public Domain'],United States,['English'],"['Doppelganger', 'Surprise Twist', 'Death of a Son or Daughter', 'Life on the Outside', 'Voiceover/Narration', 'Death of a Spouse or Fiancée / Fiancé', 'Suicide', 'Car Accident', 'Set in Boston', 'Massachusetts', 'Non-Chronological']"
235,Sparrows-Dance#tab=summary,"['Romantic Comedy', 'Romantic Comedy']","['Onezero Productions', 'Onezero Productions']",United States,"['English', 'English']","['Performing Arts', 'Anxiety and Phobias', 'One Location', 'Unnamed Character', 'Performing Arts', 'Anxiety and Phobias', 'One Location', 'Unnamed Character']"
236,Heroes-of-Dirt-(2015)#tab=summary,"['Drama', 'Drama']","['Blue Trail Entertainment', 'Blue Trail Entertainment']",United States,"['English', 'English']","['Extreme Sports', 'Community Service', 'Mentor', 'Narcotics', 'Gangs', 'Coming of Age', 'Extreme Sports', 'Community Service', 'Mentor', 'Narcotics', 'Gangs', 'Coming of Age']"
237,Fits-The#tab=summary,"['Drama', 'Drama']","['Oscilloscope Laboratories', 'La Biennale Di Venezia', 'Oscilloscope Laboratories', 'La Biennale Di Venezia']",United States,"['English', 'English']","['African Americans', 'Dancing', 'Sick Child', 'Elementary School', 'Teachers', 'Boxing', 'Epidemic', 'African Americans', 'Dancing', 'Sick Child', 'Elementary School', 'Teachers', 'Boxing', 'Epidemic']"
238,Dolphin#tab=summary,"['Documentary', 'Documentary']",[],United States,[],[]
239,Lumea-e-a-mea#tab=summary,"['Drama', 'Drama']",[],Romania,"['Romanian', 'Romanian']",[]
240,Horse-Boy-The#tab=summary,"['Documentary', 'Documentary']",[],United Kingdom,"['English', 'English']",[]
241,Calling-The#tab=summary,['Drama'],[], ,[],[]
242,Sweet-Sweetbacks-Baad-Asssss-Song#tab=summary,[],[],United States,[],"['Black Urban', 'African Americans', 'Blaxploitation', 'Black Urban', 'African Americans', 'Blaxploitation']"
243,Once#tab=summary,['Drama'],[],Ireland,['English'],"['Music Industry', 'Unnamed Character', 'Romantic Drama', 'Set in Ireland', 'Romance']"
244,Tadpole#tab=summary,['Comedy'],[], ,[],['Coming of Age']
245,Woman-Chaser-The#tab=summary,[],[], ,[],['Film Noir']
246,Antarctic-Edge-70-Degrees-South#tab=summary,"['Documentary', 'Documentary']","['Mason Gross School of the Arts ', 'National Science Foundation', 'Rutgers School of Environmental and Biological Sciences', 'Mason Gross School of the Arts ', 'National Science Foundation', 'Rutgers School of Environmental and Biological Sciences']",United States,"['English', 'English']","['Environment', 'Agitprop', 'Field Scientists', 'Set in Antarctica', 'Environment', 'Agitprop', 'Field Scientists', 'Set in Antarctica']"
247,Top-Spin#tab=summary,"['Documentary', 'Documentary']","['Wild Pair Films', 'Wild Pair Films']",United States,"['English', 'Mandarin', 'English', 'Mandarin']","['Miscellaneous Sports', 'Inspirational Sports', 'Ping Pong', 'Miscellaneous Sports', 'Inspirational Sports', 'Ping Pong']"
248,Speak-No-Evil#tab=summary,"['Horror', 'Horror']","['Montecristo International Entertainment', 'Mindplate.TV', 'Gas Mask Films', 'Roze   ', 'Montecristo International Entertainment', 'Mindplate.TV', 'Gas Mask Films', 'Roze   ']",United States,"['English', 'English']","['Supernatural', 'Supernatural Horror', 'Supernatural', 'Supernatural Horror']"
249,Charlie-Brown-Christmas-A#tab=summary,"['Adventure', 'Adventure']",[],United States,"['English', 'English']","['TV Special', 'Short Film', 'TV Special', 'Short Film']"
250,Aroused#tab=summary,"['Documentary', 'Documentary']","['Cherry On Top', 'Cherry On Top']",United States,"['English', 'English']","['Publishing Industry', 'Porn Business', 'Photography', 'Publishing Industry', 'Porn Business', 'Photography']"
251,Texas-Chainsaw-Massacre-The-(1974)#tab=summary,"['Horror', 'Horror']",[],United States,"['English', 'English']","['Cannibalism', 'Hicksploitation', 'Remade', 'Slasher Horror', 'Cannibalism', 'Hicksploitation', 'Remade', 'Slasher Horror']"
252,Roger-and-Me#tab=summary,"['Documentary', 'Documentary']",[],United States,[],[]
253,Sound-of-My-Voice#tab=summary,"['Thriller/Suspense', 'Thriller/Suspense']","['Hans Ritter', 'Hans Ritter']",United States,"['English', 'English']","['Cults', 'Movie Business', 'Undercover', 'Religious', 'New Age', 'Time Travel', 'Near Future', 'Non-Chronological', 'Surprise Twist', 'Cults', 'Movie Business', 'Undercover', 'Religious', 'New Age', 'Time Travel', 'Near Future', 'Non-Chronological', 'Surprise Twist']"
254,Cat-People#tab=summary,"['Drama', 'Drama']",[],United States,"['English', 'English']",[]
255,American-in-Hollywood-An#tab=summary,"['Drama', 'Drama']","['V-Twinz Productions', 'V-Twinz Productions']",United States,"['English', 'English']","['Set in Los Angeles', 'Movie Business', 'African Americans', 'Set in Los Angeles', 'Movie Business', 'African Americans']"
256,Brain-That-Sings-The#tab=summary,"['Documentary', 'Documentary']",[],United Arab Emirates,"['Arabic', 'English', 'Arabic', 'English']",[]
257,Romantic-Schemer#tab=summary,"['Drama', 'Drama']",[],United States,"['English', 'English']",[]
258,Your-Sister-s-Sister#tab=summary,"['Drama', 'Drama']","['Submarine Entertainment', 'UTA Independent Film Group', 'Submarine Entertainment', 'UTA Independent Film Group']",United States,"['English', 'English']","['Improvised', 'Death of a Sibling', 'Love Triangle', 'LGBTQ+', 'Delayed Adulthood', 'Improvised', 'Death of a Sibling', 'Love Triangle', 'LGBTQ+', 'Delayed Adulthood']"
259,Blood-of-My-Brother-The#tab=summary,"['Documentary', 'Documentary']",[], ,[],[]
260,Dogs-Breakfast-A-(2007)#tab=summary,"['Black Comedy', 'Black Comedy']",[],Canada,"['English', 'English']","['Animal Lead', 'Family Affair', 'Actors Making Their Directorial Debut', 'Accidental Death', 'Covering Up an Accidental Death', 'Dysfunctional Family', 'Anxiety and Phobias', 'Hallucinations', 'Surprise Twist', 'Direct-to-Video', 'Animal Lead', 'Family Affair', 'Actors Making Their Directorial Debut', 'Accidental Death', 'Covering Up an Accidental Death', 'Dysfunctional Family', 'Anxiety and Phobias', 'Hallucinations', 'Surprise Twist', 'Direct-to-Video']"
261,Femme-Mariee-Une#tab=summary,"['Drama', 'Drama']",[],France,"['French', 'French']",[]
262,Night-of-the-Living-Dead-(1968)#tab=summary,"['Horror', 'Horror']",[],United States,"['English', 'English']","['Zombies', 'Death of a Son or Daughter', 'Surprise Twist', 'Death of a Sibling', 'African Americans', 'Retro Black and White', 'Scene in End Credits', 'Survival Horror', 'Zombies', 'Death of a Son or Daughter', 'Surprise Twist', 'Death of a Sibling', 'African Americans', 'Retro Black and White', 'Scene in End Credits', 'Survival Horror']"
263,Birth-of-a-Nation-The-(1915)#tab=summary,"['Drama', 'Drama']",[],United States,"['English', 'English']","['Whitewashed Casting', 'Ku Klux Klan', 'Historical Drama', 'Based on an UNTRUE Story', 'Whitewashed Casting', 'Ku Klux Klan', 'Historical Drama', 'Based on an UNTRUE Story']"
264,Work-and-the-Story-The#tab=summary,"['Comedy', 'Comedy']",[], ,[],[]
265,Gallows-The#tab=summary,['Horror'],"['New Line Cinema', 'Blumhouse', 'Tremendum Pictures', 'Entertainment 360']",United States,['English'],"['Theater Actor', 'Accidental Death', 'Found Footage', 'Slasher Horror']"
266,Facing-the-Giants#tab=summary,"['Drama', 'Drama']",[],United States,"['English', 'English']","['Football', 'Religious', 'Faith-Based Film', 'Faith-Based Drama', 'Money Troubles', 'Infertility', 'Screenplay Written By the Star', 'Directing Yourself', 'Family Affair', 'Football', 'Religious', 'Faith-Based Film', 'Faith-Based Drama', 'Money Troubles', 'Infertility', 'Screenplay Written By the Star', 'Directing Yourself', 'Family Affair']"
267,Eraserhead#tab=summary,"['Horror', 'Horror']",[],United States,"['English', 'English']","['Cult Movie', 'Midnight Movie', 'Avant Garde', 'Body Horror', 'Cult Movie', 'Midnight Movie', 'Avant Garde', 'Body Horror']"
268,Hollywood-Shuffle#tab=summary,[],[],United States,[],"['African Americans', 'African Americans']"
269,Over-the-Hill-to-the-Poorhouse-(1920)#tab=summary,[],[],United States,"['Silent', 'Silent']",[]
270,Mighty-The#tab=summary,"['Drama', 'Drama']",[],United States,[],"['Voiceover/Narration', 'Terminal Illness', 'Bullies', 'Coming of Age', 'Dysfunctional Family', 'Intertitle', 'Life on the Outside', 'Young Child Dealing with the Death of a Parent', 'Kidnap', 'High School Hell', 'New Guy/Girl in School', 'Gangs', 'Basketball', 'Learning Disabilities', 'Voiceover/Narration', 'Terminal Illness', 'Bullies', 'Coming of Age', 'Dysfunctional Family', 'Intertitle', 'Life on the Outside', 'Young Child Dealing with the Death of a Parent', 'Kidnap', 'High School Hell', 'New Guy/Girl in School', 'Gangs', 'Basketball', 'Learning Disabilities']"
271,Ghost-Story-A-(2017)#tab=summary,['Drama'],"['Sailor Bear', 'Zero Trans Fat Productions', 'Ideaman Studios', 'Scared Sheetless']",United States,['English'],"['Supernatural', 'Friendly Ghost', 'Unnamed Character', 'Time Travel', 'Haunted House', 'Native Americans', 'Surprise Twist']"
272,Penitentiary#tab=summary,"['Drama', 'Drama']",[],United States,[],"['Prison', 'Prison']"
273,Lost-Skeleton-of-Cadavra-The#tab=summary,"['Comedy', 'Comedy']",[],United States,"['English', 'English']","['Mutants', 'Mutants']"
274,Cheap-Thrills#tab=summary,"['Thriller/Suspense', 'Thriller/Suspense']","['Snowfort Pictures', 'Snowfort Pictures']",United States,"['English', 'English']","['Poverty', 'Evicted', 'Gambling', 'Strippers / Stripping', 'New Parents', 'Fired', 'Heist', 'Revenge', 'Life on the Outside', 'Narcotics', 'Infidelity', 'Waking Up in an Unknown Location', 'Early / Simultaneous Video-on-Demand release', 'Dares', 'Horror Comedy', 'Poverty', 'Evicted', 'Gambling', 'Strippers / Stripping', 'New Parents', 'Fired', 'Heist', 'Revenge', 'Life on the Outside', 'Narcotics', 'Infidelity', 'Waking Up in an Unknown Location', 'Early / Simultaneous Video-on-Demand release', 'Dares', 'Horror Comedy']"
275,Past-is-a-Grotesque-Animal-The#tab=summary,"['Documentary', 'Documentary']","['Oscilloscope Pictures', 'Oscilloscope Pictures']",United States,"['English', 'English']","['Musicians', 'Singers', 'Pop Music', 'Biography', 'Musicians', 'Singers', 'Pop Music', 'Biography']"
276,Keeping-it-Real-The-Adventures-of-Greg-Walloch#tab=summary,[],[],United States,[],[]
277,Indie-Game-The-Movie#tab=summary,"['Documentary', 'Documentary']",[], ,[],"['Video Game', 'Scene in End Credits', 'Intertitle', 'Voiceover/Narration', 'Video Game', 'Scene in End Credits', 'Intertitle', 'Voiceover/Narration']"
278,Dude-Where-s-My-Dog#tab=summary,"['Adventure', 'Adventure']",[],United States,"['English', 'English']",[]
279,Echo-Dr#tab=summary,"['Drama', 'Drama']",[],United States,"['English', 'English']",[]
280,Closure#tab=summary,"['Drama', 'Drama']",[],United States,"['English', 'English']",[]
281,Lunch-Time-Heroes#tab=summary,"['Adventure', 'Adventure']","['Phebean Films', 'Phebean Films']",Nigeria,"['English', 'English']","['Nollywood', 'Nollywood']"
282,Open-Secret#tab=summary,"['Documentary', 'Documentary']",[],United States,"['English', 'English']",[]
283,Night-Visitor-The#tab=summary,"['Thriller/Suspense', 'Thriller/Suspense']",[],United States,"['English', 'English']","['Erotic Thriller', 'Erotic Thriller']"
284,Tiger-Orange#tab=summary,"['Drama', 'Drama']",[],United States,"['English', 'English']","['Direct-to-Video', 'Direct-to-Video']"
285,8-Days-to-Hell-(2021)#tab=summary,"['Horror', 'Horror']","['Pegasus Flying Films', 'Pegasus Flying Films']",United States,"['English', 'English']",[]
286,Last-House-on-the-Left-The-(1972)#tab=summary,[],[],United States,[],"['Sex Crimes', 'Serial Killer', 'Fugitive / On the Run', 'Revenge', 'Torture Porn', 'Based on an UNTRUE Story', 'Suicide', 'Dysfunctional Family', 'Sex Crimes', 'Serial Killer', 'Fugitive / On the Run', 'Revenge', 'Torture Porn', 'Based on an UNTRUE Story', 'Suicide', 'Dysfunctional Family']"
287,Sing-(Russia)#tab=summary,"['Documentary', 'Documentary']","['Arkana Studio', 'Gorky Film Studio Ltd.', 'Arkana Studio', 'Gorky Film Studio Ltd.']",Poland,"['Russian', 'Russian']",[]
288,Foot-Fist-Way-The#tab=summary,"['Comedy', 'Comedy']",[],United States,"['English', 'English']",[]
289,Dawn-of-the-Crescent-Moon#tab=summary,"['Thriller/Suspense', 'Thriller/Suspense']","['Friday Lunch Productions', 'Friday Lunch Productions']",United States,"['English', 'English']","['Testing an Urban Legend', 'Texas', 'Life in a Small Town', 'Native Americans', 'Testing an Urban Legend', 'Texas', 'Life in a Small Town', 'Native Americans']"
290,Queen-Crab#tab=summary,"['Horror', 'Horror']",[],United States,"['English', 'English']",[]
291,Happy-Christmas#tab=summary,"['Comedy', 'Comedy']","['Tiki Bar Films', 'Lucky Coffee Productions', 'Tiki Bar Films', 'Lucky Coffee Productions']",United States,"['English', 'English']","['Early / Simultaneous Video-on-Demand release', 'Delayed Adulthood', 'Relationships Gone Wrong', 'Narcotics', 'Dysfunctional Family', 'Christmas', 'Christmas in November', 'Directing Yourself', 'Screenplay Written By the Star', 'Sundance Film Festival 2014', 'Early / Simultaneous Video-on-Demand release', 'Delayed Adulthood', 'Relationships Gone Wrong', 'Narcotics', 'Dysfunctional Family', 'Christmas', 'Christmas in November', 'Directing Yourself', 'Screenplay Written By the Star', 'Sundance Film Festival 2014']"
292,Peace-Propaganda-and-the-Promised-Land#tab=summary,"['Documentary', 'Documentary']",[],United States,[],[]
293,Absentia#tab=summary,"['Horror', 'Horror']","['Fallback Plan Productions', 'Blue Dot Pictures', 'Fallback Plan Productions', 'Blue Dot Pictures']",United States,"['English', 'English']","['Crowdfunding', 'Missing Person', 'Crowdfunding', 'Missing Person']"
294,Pi-(1998)#tab=summary,['Thriller/Suspense'],[],United States,['English'],['Guerilla Filmmaking']
295,I-Love-You-Dont-Touch-Me#tab=summary,[],[], ,[],[]
296,Wretched-The#tab=summary,['Horror'],['Little Runway'],United States,['English'],"['Witches', 'Supernatural']"
297,20-Dates#tab=summary,"['Comedy', 'Comedy']",[], ,[],[]
298,Super-Size-Me#tab=summary,"['Documentary', 'Documentary']",[],United States,[],"['Food', 'Directing Yourself', 'Food', 'Directing Yourself']"
299,Supporting-Characters#tab=summary,"['Comedy', 'Comedy']","['Renart Films', 'Let it Play', 'Renart Films', 'Let it Play']",United States,"['English', 'English']","['Movie Business', 'Screenplay Written By the Star', 'Infidelity', 'Early / Simultaneous Video-on-Demand release', 'Movie Business', 'Screenplay Written By the Star', 'Infidelity', 'Early / Simultaneous Video-on-Demand release']"
300,FP-The#tab=summary,"['Comedy', 'Comedy']","['Secret Identity Productions', 'Secret Identity Productions']",United States,"['English', 'English']","['Dystopia', 'Post Apocalypse', 'Directing Yourself', 'Gangs', 'Video Game', 'Dancing', 'Dystopia', 'Post Apocalypse', 'Directing Yourself', 'Gangs', 'Video Game', 'Dancing']"
301,Turbo-Kid#tab=summary,"['Action', 'Action']","['EMA Films', 'T&A Films', 'Epic Pictures Group', 'Raven Banner Entertainment', 'Filmoption Intl.', 'EMA Films', 'T&A Films', 'Epic Pictures Group', 'Raven Banner Entertainment', 'Filmoption Intl.']",Canada,"['English', 'English']","['Post Apocalypse', 'Intentional B Movie ', 'Robot', 'Romance', 'Rescue', '1990s', 'Direct-to-Video', 'Post Apocalypse', 'Intentional B Movie ', 'Robot', 'Romance', 'Rescue', '1990s', 'Direct-to-Video']"
302,Hayride#tab=summary,"['Horror', 'Horror']",[],United States,"['English', 'English']",[]
303,Brain-That-Wouldnt-Die-The#tab=summary,"['Horror', 'Horror']",[],United States,"['English', 'English']",[]
304,Dirties-The#tab=summary,"['Drama', 'Drama']","['Matthew Miller', 'Matthew Johnson', 'Matthew Miller', 'Matthew Johnson']",Canada,"['English', 'English']","['High School Hell', 'Bullies', 'Amateur Filmmakers', 'Revenge', 'Non Professional Actor', 'Improvised', 'High School Hell', 'Bullies', 'Amateur Filmmakers', 'Revenge', 'Non Professional Actor', 'Improvised']"
305,Brothers-McMullen-The#tab=summary,['Drama'],[], ,[],"['Comedy Drama', 'Dysfunctional Family', 'Directing Yourself', 'Screenplay Written By the Star', 'Love Triangle', 'Relationships Gone Wrong', 'Romance', 'Adult Child Dealing with the Death of a Parent']"
306,Gabriela#tab=summary,['Drama'],[], ,[],[]
307,Tiny-Furniture#tab=summary,['Comedy'],['Tiny Ponies'],United States,['English'],"['Mumblecore', 'Delayed Adulthood', 'Directing Yourself', 'Internet', 'Photography']"
308,Signal-The-(2008)#tab=summary,"['Horror', 'Horror']",[],United States,[],[]
309,Counting#tab=summary,"['Documentary', 'Documentary']","['Gravity Hill Films', 'Cinema Guild', 'C41 Media', 'Gravity Hill Films', 'Cinema Guild', 'C41 Media']",United States,"['English', 'English']","['Segments', 'Moscow', 'Set in New York City', 'Set in Istanbul', 'Segments', 'Moscow', 'Set in New York City', 'Set in Istanbul']"
310,Big-Things#tab=summary,[],[], ,[],[]
311,Down-and-Dangerous#tab=summary,"['Thriller/Suspense', 'Thriller/Suspense']","['Sabi Company', 'Sabi Company']",United States,"['English', 'English']","['Organized Crime', 'Narcotics', 'Kidnap', 'Revenge', 'Prostitution', 'Early / Simultaneous Video-on-Demand release', 'Smuggler', 'Organized Crime', 'Narcotics', 'Kidnap', 'Revenge', 'Prostitution', 'Early / Simultaneous Video-on-Demand release', 'Smuggler']"
312,Call-of-Cthulhu-The#tab=summary,"['Horror', 'Horror']",[],United States,"['English', 'French', 'German', 'Italian', 'Spanish', 'English', 'French', 'German', 'Italian', 'Spanish']",[]
313,Bending-Steel#tab=summary,"['Documentary', 'Documentary']",[],United States,"['English', 'English']",[]
314,Run-Hide-Die#tab=summary,"['Horror', 'Horror']",[],United States,"['English', 'English']","['Direct-to-Video', 'Direct-to-Video']"
315,Image-Revolution-The#tab=summary,"['Documentary', 'Documentary']",[],United States,"['English', 'English']",[]
316,Pepi-Luci-Bom-y-otras-chicas-del-monton-(Spain)#tab=summary,"['Comedy', 'Comedy']",[],Spain,"['Spanish', 'Spanish']","['Set in Madrid, Spain', 'Set in Madrid, Spain']"
317,True-Story-A#tab=summary,"['Comedy', 'Comedy']",[],United States,"['English', 'English']","[""Writer's Block"", 'Big Break', 'Movie Business', 'Romance', 'Relationships Gone Wrong', ""Writer's Block"", 'Big Break', 'Movie Business', 'Romance', 'Relationships Gone Wrong']"
318,George-Washington#tab=summary,[],[], ,[],[]
319,This-Is-Martin-Bonner#tab=summary,"['Drama', 'Drama']","['600 West Productions', 'Stay Glorious', '600 West Productions', 'Stay Glorious']",United States,"['English', 'English']","['Life on the Outside', 'Dysfunctional Family', 'Prostitution', 'Life on the Outside', 'Dysfunctional Family', 'Prostitution']"
320,Smiling-Fish-and-Goat-on-Fire#tab=summary,['Comedy'],[], ,[],[]
321,Exploding-Girl-The#tab=summary,"['Drama', 'Drama']",[], ,[],"['Guerilla Filmmaking', 'Guerilla Filmmaking']"
322,Raymond-Did-It#tab=summary,"['Horror', 'Horror']",[],United States,"['English', 'English']","['Slasher Horror', 'Revenge', 'Mental Illness', 'Wrongfully Convicted', 'Prologue', 'Death of a Son or Daughter', 'Same Role, Multiple Actors', 'Cliffhanger Ending', 'Slasher Horror', 'Revenge', 'Mental Illness', 'Wrongfully Convicted', 'Prologue', 'Death of a Son or Daughter', 'Same Role, Multiple Actors', 'Cliffhanger Ending']"
323,Foreign-Letters#tab=summary,"['Drama', 'Drama']",[],United States,"['English', 'Hebrew', 'Vietnamese', 'English', 'Hebrew', 'Vietnamese']","['Coming of Age', 'Immigration', 'Culture Clash', 'Refugee', 'Coming of Age', 'Immigration', 'Culture Clash', 'Refugee']"
324,Last-Waltz-The#tab=summary,"['Concert/Performance', 'Concert/Performance']",[],United States,[],[]
325,Host-(2020-United-Kingdom)#tab=summary,"['Horror', 'Horror']",[],United Kingdom,"['English', 'English']","['Supernatural', 'Supernatural Horror', 'Supernatural', 'Supernatural Horror']"
326,Her-Cry-La-Llorona-Investigation#tab=summary,"['Horror', 'Horror']",[],United States,"['English', 'English']",[]
327,Happy-40th#tab=summary,"['Drama', 'Drama']",[],United States,"['English', 'English']",[]
328,Velocipastor-The#tab=summary,"['Action', 'Action']",[],China,"['Cantonese', 'English', 'Korean', 'Mandarin', 'Cantonese', 'English', 'Korean', 'Mandarin']","['Spoof', 'Direct-to-Video', 'Dinosaurs in the Modern World', 'Spoof', 'Direct-to-Video', 'Dinosaurs in the Modern World']"
329,Terrifier-(2018)#tab=summary,"['Horror', 'Horror']",[],United States,"['English', 'English']","['Slasher Horror', 'Killer Clowns', 'Halloween', 'Slasher Horror', 'Killer Clowns', 'Halloween']"
330,Megan-is-Missing-(2011)#tab=summary,"['Horror', 'Horror']","['Trio Pictures', 'Trio Pictures']",United States,"['English', 'English']","['Found Footage', 'Psychological Horror', 'Computer Screen Film', 'Direct-to-Video', 'Found Footage', 'Psychological Horror', 'Computer Screen Film', 'Direct-to-Video']"
331,Killing-of-Two-Lovers-The#tab=summary,"['Drama', 'Drama']","['Back 40 Pictures Inc', 'Soro Films', 'Neon Films', 'Back 40 Pictures Inc', 'Soro Films', 'Neon Films']",United States,"['English', 'English']","['Sundance Film Festival 2020', 'Disrupted by COVID-19 pandemic', 'Life in a Small Town', 'Dysfunctional Family', 'Relationships Gone Wrong', 'Medical and Hospitals', 'Love Triangle', 'Obsessive Love', 'Sundance Film Festival 2020', 'Disrupted by COVID-19 pandemic', 'Life in a Small Town', 'Dysfunctional Family', 'Relationships Gone Wrong', 'Medical and Hospitals', 'Love Triangle', 'Obsessive Love']"
332,Legend-of-Gods-Gun-The#tab=summary,['Western'],[],United States,[],[]
333,Krisha#tab=summary,"['Drama', 'Drama']","['Hoody Boy Productions', 'Hoody Boy Productions']",United States,"['English', 'English']","['Family Affair', 'Dysfunctional Family', 'Directing Yourself', 'Narcotics', 'Addiction', 'Prescription Drug Abuse', 'Family Affair', 'Dysfunctional Family', 'Directing Yourself', 'Narcotics', 'Addiction', 'Prescription Drug Abuse']"
334,Mutual-Appreciation#tab=summary,['Comedy'],[],United States,[],[]
335,Funny-Ha-Ha#tab=summary,"['Comedy', 'Comedy']",[], ,[],"['Mumblecore', 'Mumblecore']"
336,Down-Terrace#tab=summary,"['Black Comedy', 'Black Comedy']","['Mondo Macabro Movies', 'Baby Cow', 'Mondo Macabro Movies', 'Baby Cow']",United Kingdom,[],"['Organized Crime', 'Dysfunctional Family', 'Life on the Outside', 'Organized Crime', 'Dysfunctional Family', 'Life on the Outside']"
337,Paraphobia#tab=summary,"['Comedy', 'Comedy']",[],United States,"['English', 'English']",[]
338,Molokans-The-(Russia)#tab=summary,"['Documentary', 'Documentary']",[],Azerbaijan,"['Russian', 'Russian']",[]
339,Clerks#tab=summary,"['Comedy', 'Comedy']",[], ,[],"['Cult Movie', 'Intertitle', 'Cult Movie', 'Intertitle']"
340,Pink-Narcissus#tab=summary,[],[],United States,[],[]
341,Emily-(2017)#tab=summary,"['Drama', 'Drama']",[],United States,"['English', 'English']","['Religious', 'Romance', 'Relationships Gone Wrong', 'Christians', 'Religious', 'Romance', 'Relationships Gone Wrong', 'Christians']"
342,Deep-Throat#tab=summary,[],[],United States,[],[]
343,In-the-Company-of-Men#tab=summary,['Drama'],[],Canada,[],[]
344,Terrorist-The#tab=summary,[],[],India,['Tamil'],['Terrorism']
345,Exeter-(2015)#tab=summary,"['Horror', 'Horror']","['Blumhouse', 'Blumhouse']",United States,"['English', 'English']",[]
346,Manito#tab=summary,[],[],United States,[],[]
347,Ten-(2014)#tab=summary,"['Horror', 'Horror']",[],United States,"['English', 'English']","['Intertitle', '1970s', 'Prologue', 'Slasher Horror', 'Unnamed Character', 'Screenplay Written By the Star', 'Surprise Twist', 'Cold War', 'Commies', 'Secret Agent', 'False Identity', 'Based on a Fake Trailer', 'Intertitle', '1970s', 'Prologue', 'Slasher Horror', 'Unnamed Character', 'Screenplay Written By the Star', 'Surprise Twist', 'Cold War', 'Commies', 'Secret Agent', 'False Identity', 'Based on a Fake Trailer']"
348,Dutch-Kills#tab=summary,"['Thriller/Suspense', 'Thriller/Suspense']",[],United States,"['English', 'English']","['Direct-to-Video', 'Direct-to-Video']"
349,Slacker#tab=summary,"['Comedy', 'Comedy']",[],United States,"['English', 'English']",[]
350,Dry-Spell#tab=summary,"['Romantic Comedy', 'Romantic Comedy']",[],United States,"['English', 'English']","['Directing Yourself', 'Screenplay Written By the Star', 'Romance', 'Divorcée Romance', 'Relationship Advice', 'Crowdfunding', 'Directing Yourself', 'Screenplay Written By the Star', 'Romance', 'Divorcée Romance', 'Relationship Advice', 'Crowdfunding']"
351,Steel-Spirit#tab=summary,"['Adventure', 'Adventure']",[],English,"['English', 'English']",[]
352,Socrates-(Brazil)#tab=summary,"['Drama', 'Drama']","['Instituto Quero', 'Querô Films', 'Instituto Quero', 'Querô Films']",Brazil,"['Portuguese', 'Portuguese']",[]
353,Flywheel#tab=summary,"['Drama', 'Drama']",[], ,[],[]
354,All-Superheroes-Must-Die#tab=summary,"['Thriller/Suspense', 'Thriller/Suspense']","['GRINDFIST', 'GRINDFIST']",United States,"['English', 'English']","['Kidnap', 'Revenge', 'Rescue', 'Directing Yourself', 'Screenplay Written By the Star', 'Kidnap', 'Revenge', 'Rescue', 'Directing Yourself', 'Screenplay Written By the Star']"
355,Front-Man-The#tab=summary,"['Documentary', 'Documentary']",[],United States,"['English', 'English']","['Early / Simultaneous Video-on-Demand release', 'Early / Simultaneous Video-on-Demand release']"
356,Ridges-The#tab=summary,"['Horror', 'Horror']","['Digital Film Palace', 'Digital Film Palace']",United States,"['English', 'English']",[]
357,Puffy-Chair-The#tab=summary,"['Comedy', 'Comedy']",[],United States,"['English', 'English']","['Mumblecore', 'Mumblecore']"
358,Breaking-Upwards#tab=summary,[],[],United States,['English'],[]
359,Stories-of-Our-Lives#tab=summary,"['Drama', 'Drama']",[],Kenya,"['English', 'Swahili', 'English', 'Swahili']",[]
360,Pink-Flamingos#tab=summary,"['Comedy', 'Comedy']",[],United States,"['English', 'English']",[]
361,Grip-A-Criminals-Story#tab=summary,"['Action', 'Action']",[], ,[],"['Mafia', 'Breaking the Fourth Wall', 'Mafia', 'Breaking the Fourth Wall']"
362,Tin-Can-Man#tab=summary,"['Horror', 'Horror']",[],Ireland,"['English', 'English']","['Retro Black and White', 'Relationships Gone Wrong', 'Voiceover/Narration', 'Non-Chronological', 'Dysfunctional Family', 'Addiction', 'Dream Sequence', 'Directing Yourself', 'Retro Black and White', 'Relationships Gone Wrong', 'Voiceover/Narration', 'Non-Chronological', 'Dysfunctional Family', 'Addiction', 'Dream Sequence', 'Directing Yourself']"
363,Dayereh#tab=summary,['Drama'],[],Islamic Republic of Iran,['Persian'],['Foreign Language']
364,Clean#tab=summary,"['Drama', 'Drama']",[], ,[],[]
365,Cure#tab=summary,['Horror'],[],Japan,['Japanese'],['Foreign Language']
366,On-the-Downlow#tab=summary,"['Drama', 'Drama']",[],United States,[],[]
367,Bang#tab=summary,"['Thriller/Suspense', 'Thriller/Suspense']",[], ,[],[]
368,Rise-and-Fall-of-Miss-Thang-The#tab=summary,"['Drama', 'Drama']",[],United States,[],[]
369,Family-Motocross#tab=summary,"['Documentary', 'Documentary']",[],United States,"['English', 'English']",[]
370,Newlyweds#tab=summary,"['Comedy', 'Comedy']","['Tribeca Film', 'American Express', 'Marlboro Road Gang', 'Tribeca Film', 'American Express', 'Marlboro Road Gang']",United States,"['English', 'English']","['Directing Yourself', 'Romance', 'In-Laws / Future In-Laws', 'Relationships Gone Wrong', 'Digital Cinematography', 'Early / Simultaneous Video-on-Demand release', 'Divorcée Romance', 'Breaking the Fourth Wall', 'Directing Yourself', 'Romance', 'In-Laws / Future In-Laws', 'Relationships Gone Wrong', 'Digital Cinematography', 'Early / Simultaneous Video-on-Demand release', 'Divorcée Romance', 'Breaking the Fourth Wall']"
371,El-Mariachi#tab=summary,"['Action', 'Action']",[], ,[],[]
372,Primer#tab=summary,"['Drama', 'Drama']","['THINKFilm', 'THINKFilm']",United States,"['English', 'English']",[]
373,Cavite#tab=summary,"['Thriller/Suspense', 'Thriller/Suspense']",[], ,[],[]
374,Mongol-King-The#tab=summary,"['Drama', 'Drama']",[], ,[],[]
375,Red-11#tab=summary,"['Thriller/Suspense', 'Thriller/Suspense']","['Double R Productions', 'Double R Productions']",United States,"['English', 'English']",[]
376,Following#tab=summary,[],[], ,[],"['Non-Chronological', 'Writing and Writers', 'Photography', 'Relationships Gone Wrong', 'Voyeurism', 'Film Noir', 'Surprise Twist', 'Retro Black and White', 'Unnamed Character']"
377,Return-to-the-Land-of-Wonders#tab=summary,"['Documentary', 'Documentary']",[],Germany,[],[]
378,Plague-So-Pleasant-A#tab=summary,"['Horror', 'Horror']",[],United States,"['English', 'English']",[]
379,My-Date-With-Drew#tab=summary,"['Documentary', 'Documentary']",[],United States,[],"['Guerilla Filmmaking', 'Guerilla Filmmaking']"
380,Neeras-(2021-India)#tab=summary,"['Action', 'Action']",[],India,"['Hindi', 'Hindi']","['Short Film', 'Direct-to-Video', 'Short Film', 'Direct-to-Video']"
